{"cameraMode":{"drawMode":0,"name":"Shaded","section":"Shading Mode"},"sceneLighting":true,"audioPlay":false,"sceneViewState":{"m_AlwaysRefresh":true,"showFog":true,"showSkybox":true,"showFlares":true,"showImageEffects":true,"showParticleSystems":true,"showVisualEffectGraphs":true,"m_FxEnabled":true},"in2DMode":false,"pivot":{"x":-0.15354228019714356,"y":-2.4066057205200197,"z":-0.039974212646484378},"rotation":{"x":-0.0033097639679908754,"y":-0.005402510054409504,"z":0.000018664548406377435,"w":-0.9999871253967285},"size":11.521244049072266,"orthographic":false}